{
    "start":"2020-1-1",
    "end":"2020-1-31",
    "data":[
    { "time": "2020-1-1", "hits": 15468},
    { "time": "2020-1-2", "hits": 16100},
    { "time": "2020-1-3", "hits": 15900},
    { "time": "2020-1-4", "hits": 17409},
    { "time": "2020-1-5", "hits": 17000},
    { "time": "2020-1-6", "hits": 31056},
    { "time": "2020-1-7", "hits": 31982},
    { "time": "2020-1-8", "hits": 32040},
    { "time": "2020-1-9", "hits": 33233},
    { "time": "2020-1-10", "hits": 15468},
    { "time": "2020-1-12", "hits": 16100},
    { "time": "2020-1-13", "hits": 15900},
    { "time": "2020-1-14", "hits": 17409},
    { "time": "2020-1-15", "hits": 17000},
    { "time": "2020-1-16", "hits": 31056},
    { "time": "2020-1-17", "hits": 31982},
    { "time": "2020-1-18", "hits": 32040},
    { "time": "2020-1-19", "hits": 33233},
    { "time": "2020-1-20", "hits": 33233},
    { "time": "2020-1-21", "hits": 15468},
    { "time": "2020-1-22", "hits": 16100},
    { "time": "2020-1-23", "hits": 15900},
    { "time": "2020-1-24", "hits": 17409},
    { "time": "2020-1-25", "hits": 17000},
    { "time": "2020-1-26", "hits": 31056},
    { "time": "2020-1-27", "hits": 31982},
    { "time": "2020-1-28", "hits": 32040},
    { "time": "2020-1-29", "hits": 33233},
    { "time": "2020-1-30", "hits": 33245},
    { "time": "2020-1-31", "hits": 33289}
]
}